<?xml version="1.0" encoding="UTF-8"?>
<beans xmlns="http://www.springframework.org/schema/beans"
	xmlns:xsi="http://www.w3.org/2001/XMLSchema-instance"
	xsi:schemaLocation="http://www.springframework.org/schema/beans
	http://www.springframework.org/schema/beans/spring-beans-2.5.xsd">

	<!-- ========================= RESOURCE DEFINITIONS ========================= -->
  
	<!-- Configurer that replaces ${...} placeholders with values from a properties file -->
	<!-- (in this case, JDBC-related settings for the dataSource definition below) -->
	<bean id="propertyConfigurer" class="org.springframework.beans.factory.config.PropertyPlaceholderConfigurer">
		<property name="location"><value>/WEB-INF/jdbc.properties</value></property>
	</bean>

	<!-- Local DataSource that works in any environment -->
	<!-- Note that DriverManagerDataSource does not pool; it is not intended for production -->
	
	<bean id="dataSource" class="org.springframework.jdbc.datasource.DriverManagerDataSource">
		<property name="driverClassName"><value>${jdbc.driverClassName}</value></property>
		<property name="url"><value>${jdbc.url}</value></property>
		<property name="username"><value>${jdbc.username}</value></property>
		<property name="password"><value>${jdbc.password}</value></property>

	</bean>

	<!-- Hibernate SessionFactory -->
	<bean id="sessionFactory" class="org.springframework.orm.hibernate3.LocalSessionFactoryBean">
		<property name="dataSource"><ref local="dataSource"/></property>
		<property name="mappingResources">
		<list>
			<value>fjs/cs/hibernate/MSTCUSTOMER.hbm.xml</value>
	        <value>fjs/cs/hibernate/MSTUSER.hbm.xml</value>
			
		</list>
		</property>
		<property name="hibernateProperties">
			<props>
				<prop key="hibernate.dialect">${hibernate.dialect}</prop>
				<prop key="hibernate.show_sql">true</prop>
			</props>
		</property>
	</bean>


	<!-- Transaction manager for a single Hibernate SessionFactory (alternative to JTA) -->
	<bean id="transactionManager" class="org.springframework.orm.hibernate3.HibernateTransactionManager">
		<property name="sessionFactory"><ref local="sessionFactory"/></property>
	</bean>

	<bean id="customerBo"
                class="fjs/cs/dao/CustomerBoImpl" >
   		<property name="customerDao" ref="customerDao" />
   	</bean>

   	<bean id="customerDao"
                class="fjs/cs/dao/CustomerDaoImpl" >
   		<property name="sessionFactory" ref="sessionFactory"></property>
   	</bean>
	<bean id="userBo"
                class="fjs/cs/bo/UserBoImpl" >
   		<property name="userDao" ref="userDao" />
   	</bean>

   	<bean id="userDao"
                class="fjs/cs/dao/UserDaoImpl" >
   		<property name="sessionFactory" ref="sessionFactory"></property>
   	</bean>

</beans>
