<?xml version="1.0"?>
<!DOCTYPE hibernate-mapping PUBLIC "-//Hibernate/Hibernate Mapping DTD 3.0//EN"
"http://hibernate.sourceforge.net/hibernate-mapping-3.0.dtd">
<!-- Generated 2017/09/11 11:30:21 by Hibernate Tools 3.4.0.CR1 -->
<hibernate-mapping>
    <class name="fjs.cs.hibernate.MSTCUSTOMER" table="MSTCUSTOMER">
        <id name="Customer_Id" type="int">
            <column name="CUSTOMER_ID" />
            <generator class="identity" />
        </id>
        <property name="Customer_Name" type="java.lang.String">
            <column name="CUSTOMER_NAME" length="50"/>
        </property>
        <property name="sex" type="java.lang.String">
            <column name="SEX"/>
        </property>
        <property name="birthDay" type="java.lang.String">
            <column name="BIRTHDAY" />
        </property>
        <property name="email" type="java.lang.String">
            <column name="EMAIL"  />
        </property>
        <property name="address" type="java.lang.String">
            <column name="ADDRESS"  />
        </property>
        <property name="delete_ymd" type="java.util.Date">
            <column name="DELETE_YMD" not-null="false" />
        </property>
        <property name="insert_ymd" type="java.util.Date">
            <column name="INSERT_YMD" />
        </property>
        <property name="insert_psn_cd" type="int">
            <column name="INSERT_PSN_CD" />
        </property>
        <property name="update_ymd" type="java.util.Date">
            <column name="UPDATE_YMD" not-null="false"/>
        </property>
        <property name="update_psn_cd" type="int">
            <column name="UPDATE_PSN_CD" />
        </property>
    </class>
</hibernate-mapping>
